name,linkedin_url,website,country
Wipro,https://www.linkedin.com/company/wipro,https://www.wipro.com,India
HCLTech,https://www.linkedin.com/company/hcltech,https://www.hcltech.com,India
Tech Mahindra,https://www.linkedin.com/company/tech-mahindra,https://www.techmahindra.com,India
LTIMindtree,https://www.linkedin.com/company/ltimindtree,https://www.ltimindtree.com,India
Mphasis,https://www.linkedin.com/company/mphasis,https://www.mphasis.com,India
Persistent Systems,https://www.linkedin.com/company/persistent-systems,https://www.persistent.com,India
Coforge,https://www.linkedin.com/company/coforge-tech,https://www.coforge.com,India
Hexaware Technologies,https://www.linkedin.com/company/hexaware-technologies,https://hexaware.com,India
Zensar Technologies,https://www.linkedin.com/company/zensar-technologies,https://www.zensar.com,India
Birlasoft,https://www.linkedin.com/company/birlasoft,https://www.birlasoft.com,India
Cyient,https://www.linkedin.com/company/cyient,https://www.cyient.com,India
KPIT Technologies,https://www.linkedin.com/company/kpit,https://www.kpit.com,India
Tata Elxsi,https://www.linkedin.com/company/tata-elxsi,https://www.tataelxsi.com,India
L&T Technology Services,,https://www.ltts.com,India
Sonata Software,https://www.linkedin.com/company/sonata-software,https://www.sonata-software.com,India
Mastek,https://www.linkedin.com/company/mastek,https://www.mastek.com,India
Happiest Minds Technologies,https://www.linkedin.com/company/happiest-minds-technologies,https://www.happiestminds.com,India
Newgen Software,https://www.linkedin.com/company/newgen-software,https://newgensoft.com,India
Ramco Systems,https://www.linkedin.com/company/ramco-systems,https://www.ramco.com,India
Intellect Design Arena,,https://www.intellectdesign.com,India
Sasken Technologies,https://www.linkedin.com/company/sasken,https://www.sasken.com,India
Zoho,https://www.linkedin.com/company/zoho,https://www.zoho.com,India
Freshworks,https://www.linkedin.com/company/freshworks-inc,https://www.freshworks.com,India
Flipkart,https://www.linkedin.com/company/flipkart,https://www.flipkart.com,India
Paytm,https://www.linkedin.com/company/paytm,https://paytm.com,India
PhonePe,https://www.linkedin.com/company/phonepe-internet,https://www.phonepe.com,India
Swiggy,https://www.linkedin.com/company/swiggy-in,https://www.swiggy.com,India
Zomato,https://www.linkedin.com/company/zomato,https://www.zomato.com,India
Razorpay,https://www.linkedin.com/company/razorpay,https://razorpay.com,India
Ola,,https://www.olacabs.com,India
InMobi,https://www.linkedin.com/company/inmobi,https://www.inmobi.com,India
Info Edge,,https://www.infoedge.in,India
Mu Sigma,https://www.linkedin.com/company/mu-sigma,https://www.mu-sigma.com,India
Fractal Analytics,https://www.linkedin.com/company/fractal-analytics,https://fractal.ai,India
Tiger Analytics,https://www.linkedin.com/company/tiger-analytics,https://www.tigeranalytics.com,India
LatentView Analytics,https://www.linkedin.com/company/latentview-analytics,https://www.latentview.com,India
Nagarro,https://www.linkedin.com/company/nagarro,https://www.nagarro.com,Germany
Virtusa,https://www.linkedin.com/company/virtusa,https://www.virtusa.com,United States
Synechron,https://www.linkedin.com/company/synechron,https://www.synechron.com,United States
Genpact,https://www.linkedin.com/company/genpact,https://www.genpact.com,United States
Globant,https://www.linkedin.com/company/globant,https://www.globant.com,Luxembourg
GlobalLogic,https://www.linkedin.com/company/globallogic,https://www.globallogic.com,United States
Thoughtworks,https://www.linkedin.com/company/thoughtworks,https://www.thoughtworks.com,United States
Publicis Sapient,https://www.linkedin.com/company/publicis-sapient,https://www.publicissapient.com,United States
Endava,https://www.linkedin.com/company/endava,https://www.endava.com,United Kingdom
Luxoft,https://www.linkedin.com/company/luxoft,https://www.luxoft.com,Switzerland
SoftServe,https://www.linkedin.com/company/softserve,https://www.softserveinc.com,Ukraine
Sopra Steria,https://www.linkedin.com/company/sopra-steria,https://www.soprasteria.com,France
NTT DATA,https://www.linkedin.com/company/nttdata,https://www.nttdata.com,Japan
Kyndryl,https://www.linkedin.com/company/kyndryl,https://www.kyndryl.com,United States
Unisys,https://www.linkedin.com/company/unisys,https://www.unisys.com,United States
Hitachi Vantara,https://www.linkedin.com/company/hitachi-vantara,https://www.hitachivantara.com,United States
Intuit,https://www.linkedin.com/company/intuit,https://www.intuit.com,United States
Autodesk,https://www.linkedin.com/company/autodesk,https://www.autodesk.com,United States
Cadence Design Systems,https://www.linkedin.com/company/cadence-design-systems,https://www.cadence.com,United States
Synopsys,,https://www.synopsys.com,United States
Nutanix,https://www.linkedin.com/company/nutanix,https://www.nutanix.com,United States
Arista Networks,,https://www.arista.com,United States
Zscaler,https://www.linkedin.com/company/zscaler,https://www.zscaler.com,United States
Okta,https://www.linkedin.com/company/okta-inc,https://www.okta.com,United States
Infor,https://www.linkedin.com/company/infor,https://www.infor.com,United States
PayPal,https://www.linkedin.com/company/paypal,https://www.paypal.com,United States
Rakuten,https://www.linkedin.com/company/rakuten,https://global.rakuten.com,Japan
NEC,,https://www.nec.com,Japan
Walmart Global Tech,,https://tech.walmart.com,United States
